Ranking,Title,Year,Genre,Score,Actor,Link
#1,Frieren: Beyond Journey's End,2023,"Fantasy, Anime",100%,"AtsumiTanezaki,NobuhikoOkamoto,HirokiTouchi,Y≈çjiUeda",https://www.rottentomatoes.com//www.rottentomatoes.com/tv/frieren_beyond_journeys_end
#2,Dark Winds,2022,"Crime, Drama, Thriller",94%,"ZahnMcClarnon,KiowaGordon,JessicaMatten,DeannaAllison",https://www.rottentomatoes.com//www.rottentomatoes.com/tv/dark_winds
#3,Blood of Zeus,2020,"Animation, Action, Fantasy",100%,"DerekPhillips,JasonO'Mara,MamieGummer,ChrisDiamantopoulos",https://www.rottentomatoes.com//www.rottentomatoes.com/tv/blood_of_zeus
#4,Love on the Spectrum,2019,"Documentary, Romance",73%,"BrookeSatchwell,JodiRodgers,MichaelTheo,KelvinWong",https://www.rottentomatoes.com//www.rottentomatoes.com/tv/love_on_the_spectrum
#5,The Dragon Prince,2018,"Animation, Action, Adventure",100%,"JackDeSena,PaulaBurrows,SashaZoeyRojen",https://www.rottentomatoes.com//www.rottentomatoes.com/tv/the_dragon_prince
#6,NA,NA,NA,92%,NA,https://www.rottentomatoes.com
#7,The Snow Girl,2023,"Crime, Drama, Mystery",100%,"Milena Smit , José Coronado , Tristán Ulloa , Loreto MauleónGu_rún _r Eyfjör_ , Aliette Opheim , Björn Thors , Gu_rún Gísladóttir",https://www.rottentomatoes.com//www.rottentomatoes.com/tv/the_snow_girl
#8,Supacell,2024,"Sci-Fi, Drama",91%,"TosinCole,AdelayoAdedayo,NadineMills,EricKofi-Abrefa",https://www.rottentomatoes.com//www.rottentomatoes.com/tv/supacell
#9,Carol & the End of the World,2023,"Animation, Comedy, Drama",100%,"MarthaKelly,BethGrant,LawrencePressman,KimberlyHebertGregory",https://www.rottentomatoes.com//www.rottentomatoes.com/tv/carol_and_the_end_of_the_world
#10,Pok√©mon Concierge,2023,"Animation, Family, Fantasy",88%,"Non,AiFairouz,EitaOkuno,YoshikoTakemura",https://www.rottentomatoes.com//www.rottentomatoes.com/tv/pokemon_concierge
#11,Red Rose,2022,"Drama, Horror, Thriller",100%,"AmeliaClarkson,IsisHainsworth,NatalieBlair,EllisHoward",https://www.rottentomatoes.com//www.rottentomatoes.com/tv/red_rose
#12,Cyberpunk: Edgerunners,2022,"Animation, Action, Sci-Fi",100%,"AoiYuki,Kenn,KazuhikoInoue,KenjiroTsuda",https://www.rottentomatoes.com//www.rottentomatoes.com/tv/cyberpunk_edgerunners
#13,Katla,2021,"Drama, Mystery, Sci-Fi",100%,"Gu_rún _r Eyfjör_ , Aliette Opheim , Björn Thors , Gu_rún Gísladóttir",https://www.rottentomatoes.com//www.rottentomatoes.com/tv/katla
#14,Derry Girls,2018,Comedy,- -,"Saoirse-MonicaJackson,LouisaHarland,IanMcElhinney,KathyKieraClarke",https://www.rottentomatoes.com//www.rottentomatoes.com/tv/derry_girls
#15,Baby Reindeer,2024,"Drama, Thriller",100%,"RichardGadd,JessicaGunning,NavaMau,TomGoodman-Hill",https://www.rottentomatoes.com//www.rottentomatoes.com/tv/baby_reindeer
#16,Better Call Saul,2015,"Crime, Drama",70%,"BobOdenkirk,JonathanBanks,MichaelMando,PatrickFabian",https://www.rottentomatoes.com//www.rottentomatoes.com/tv/better_call_saul
#17,Heartstopper,2022,"Drama, Romance",100%,"KitConnor,JoeLocke,WilliamGao,YasminFinney",https://www.rottentomatoes.com//www.rottentomatoes.com/tv/heartstopper
#18,Beef,2023,"Comedy, Drama",90%,"StevenYeun,AliWong,JosephLee,YoungMazino",https://www.rottentomatoes.com//www.rottentomatoes.com/tv/beef
#19,Lupin,2021,"Action, Crime, Drama",100%,"OmarSy,LudivineSagnier,AntoineGouy,SoufianeGuerrab",https://www.rottentomatoes.com//www.rottentomatoes.com/tv/lupin
#20,Kingdom,2019,"Action, Drama, Horror",88%,"BaeDoo-na,JuJi-hoon,RyuSeung-ryong,KimSang-ho",https://www.rottentomatoes.com//www.rottentomatoes.com/tv/kingdom_2019
#21,Mo,2022,"Comedy, Drama",100%,"MohammedAmer,TeresaRuiz,FarahBsieso,OmarElba",https://www.rottentomatoes.com//www.rottentomatoes.com/tv/mo
#22,Insecure,2016,"Comedy, Drama",52%,"IssaRae,YvonneOrji,NatashaRothwell,AmandaSeales",https://www.rottentomatoes.com//www.rottentomatoes.com/tv/insecure
#23,I Think You Should Leave With Tim Robinson,2019,Comedy,100%,TimRobinson,https://www.rottentomatoes.com//www.rottentomatoes.com/tv/i_think_you_should_leave_with_tim_robinson
#24,Top Boy,2011,"Crime, Drama, Thriller",95%,"Kano,AshleyWalters,ShoneRomulus,MichealWard",https://www.rottentomatoes.com//www.rottentomatoes.com/tv/top_boy
#25,Hellbound,2021,"Drama, Fantasy, Horror",100%,"Sung-CheolKim,KimHyun-joo,MoonSo-ri,YangIk-joon",https://www.rottentomatoes.com//www.rottentomatoes.com/tv/hellbound
#26,Blue Eye Samurai,2023,"Animation, Action, Drama",78%,"MayaErskine,GeorgeTakei,MasiOka,RandallPark",https://www.rottentomatoes.com//www.rottentomatoes.com/tv/blue_eye_samurai
#27,Resident Alien,2021,"Comedy, Drama, Sci-Fi",99%,"AlanTudyk,SaraTomko,CoreyReynolds,AliceWetterlund",https://www.rottentomatoes.com//www.rottentomatoes.com/tv/resident_alien
#28,Unbreakable Kimmy Schmidt,2015,Comedy,95%,"EllieKemper,TitussBurgess,JaneKrakowski,CarolKane",https://www.rottentomatoes.com//www.rottentomatoes.com/tv/unbreakable_kimmy_schmidt
#29,The Queen's Gambit,2020,Drama,99%,"AnyaTaylor-Joy,MarielleHeller,ThomasBrodie-Sangster,MosesIngram",https://www.rottentomatoes.com//www.rottentomatoes.com/tv/the_queens_gambit
#30,Scott Pilgrim Takes Off,2023,"Animation, Action, Comedy",80%,"MichaelCera,MaryElizabethWinstead,KieranCulkin,ChrisEvans",https://www.rottentomatoes.com//www.rottentomatoes.com/tv/scott_pilgrim_takes_off
#31,Unorthodox,2020,Drama,98%,"ShiraHaas,AmitRahav,JeffWilbusch,AaronAltaras",https://www.rottentomatoes.com//www.rottentomatoes.com/tv/unorthodox
#32,Aggretsuko,2018,"Animation, Comedy, Music",96%,"Kaolip,ShingoKato,KomegumiKoiwasaki,MakiTsuruta",https://www.rottentomatoes.com//www.rottentomatoes.com/tv/aggretsuko
#33,Vikings: Valhalla,2022,"Action, Adventure, Drama",98%,"SamCorlett,LeoSuter,FridaGustavsson,J√≥hannesHaukurJ√≥hannesson",https://www.rottentomatoes.com//www.rottentomatoes.com/tv/vikings_valhalla
#34,Our Planet,2019,Documentary,95%,DavidAttenborough,https://www.rottentomatoes.com//www.rottentomatoes.com/tv/our_planet
#35,American Nightmare,2024,"Crime, Documentary",98%,NA,https://www.rottentomatoes.com//www.rottentomatoes.com/tv/american_nightmare_2024
#36,Evil,2019,"Crime, Drama, Horror",87%,"KatjaHerbers,MikeColter,AasifMandvi,MichaelEmerson",https://www.rottentomatoes.com//www.rottentomatoes.com/tv/evil
#37,Dark,2017,"Crime, Drama, Mystery",98%,"OliverMasucci,KarolineEichhorn,J√∂rdisTriebel,LouisHofmann",https://www.rottentomatoes.com//www.rottentomatoes.com/tv/dark
#38,Transatlantic,2023,"Drama, History",79%,"CoryMichaelSmith,GillianJacobs,LucasEnglander,DeleilaPiasko",https://www.rottentomatoes.com//www.rottentomatoes.com/tv/transatlantic
#39,Masters of the Universe: Revelation,2021,"Animation, Action, Adventure",98%,"ChrisWood,MarkHamill,LenaHeadey,SarahMichelleGellar",https://www.rottentomatoes.com//www.rottentomatoes.com/tv/masters_of_the_universe_revelation
#40,Queen Charlotte: A Bridgerton Story,2023,"Drama, History, Romance",92%,"IndiaAmarteifio,AdjoaAndoh,MichelleFairley,RuthGemmell",https://www.rottentomatoes.com//www.rottentomatoes.com/tv/queen_charlotte_a_bridgerton_story
#41,Black Doves,2024,"Drama, Thriller",97%,"KeiraKnightley,BenWhishaw,AndrewKoji,SarahLancashire",https://www.rottentomatoes.com//www.rottentomatoes.com/tv/black_doves
#42,Big Mouth,2017,"Animation, Comedy, Romance",90%,"NickKroll,JohnMulaney,JessiKlein,JasonMantzoukas",https://www.rottentomatoes.com//www.rottentomatoes.com/tv/big_mouth
#43,Maid,2021,Drama,97%,"MargaretQualley,NickRobinson,AnikaNoniRose,TracyVilar",https://www.rottentomatoes.com//www.rottentomatoes.com/tv/maid
#44,Heels,2021,"Drama, Sport",82%,"StephenAmell,AlexanderLudwig,ChrisBauer,AlisonLuff",https://www.rottentomatoes.com//www.rottentomatoes.com/tv/heels
#45,Teenage Bounty Hunters,2020,"Comedy, Crime, Drama",97%,"AnjelicaBetteFellini,MaddiePhillips,KadeemHardison,VirginiaWilliams",https://www.rottentomatoes.com//www.rottentomatoes.com/tv/teenage_bounty_hunters
#46,Cobra Kai,2018,"Action, Comedy, Drama",72%,"RalphMacchio,WilliamZabka,CourtneyHenggeler,XoloMaridue√±a",https://www.rottentomatoes.com//www.rottentomatoes.com/tv/cobra_kai
#47,Never Have I Ever,2020,"Comedy, Drama, Romance",97%,"MaitreyiRamakrishnan,PoornaJagannathan,RichaMoorjani,JarenLewison",https://www.rottentomatoes.com//www.rottentomatoes.com/tv/never_have_i_ever
#48,BoJack Horseman,2014,"Animation, Comedy, Drama",83%,"WillArnett,AmySedaris,AlisonBrie,AaronPaul",https://www.rottentomatoes.com//www.rottentomatoes.com/tv/bojack_horseman
#49,Sex Education,2019,"Comedy, Drama",97%,"AsaButterfield,GillianAnderson,NcutiGatwa,AimeeLouWood",https://www.rottentomatoes.com//www.rottentomatoes.com/tv/sex_education
#50,Peaky Blinders,2013,"Crime, Drama",70%,"CillianMurphy,NatashaO'Keeffe,PaulAnderson,SophieRundle",https://www.rottentomatoes.com//www.rottentomatoes.com/tv/peaky_blinders
#51,Cabinet of Curiosities,2022,"Drama, Fantasy, Horror",97%,GuillermodelToro,https://www.rottentomatoes.com//www.rottentomatoes.com/tv/cabinet_of_curiosities
#52,Warrior,2019,"Action, Crime, Drama",93%,"AndrewKoji,JasonTobin,OliviaCheng,KieranBew",https://www.rottentomatoes.com//www.rottentomatoes.com/tv/warrior_2019
#53,Queer Eye,2013,Reality-TV,97%,"AntoniPorowski,BobbyBerk,KaramoBrown,JonathanVanNess",https://www.rottentomatoes.com//www.rottentomatoes.com/tv/queer_eye_2018
#54,You,2022,"Crime, Drama, Romance",85%,"PennBadgley,TatiGabrielle,CharlotteRitchie,LukasGage",https://www.rottentomatoes.com//www.rottentomatoes.com/tv/you
#55,Sweet Tooth,2021,"Action, Adventure, Drama",96%,"ChristianConvery,NonsoAnozie,AdeelAkhtar,StefaniaOwen",https://www.rottentomatoes.com//www.rottentomatoes.com/tv/sweet_tooth
#56,Dead Boy Detectives,2024,"Drama, Fantasy, Mystery",84%,"GeorgeRexstrew,JaydenRevri,KassiusNelson,YuyuKitamura",https://www.rottentomatoes.com//www.rottentomatoes.com/tv/dead_boy_detectives
#57,Criminal: UK,2019,"Crime, Drama",96%,"KatherineKelly,LeeIngleby,NicholasPinnock,MarkStanley",https://www.rottentomatoes.com//www.rottentomatoes.com/tv/criminal
#58,Tribes of Europa,2021,"Action, Drama, Sci-Fi",94%,"EmilioSakraya,HenrietteConfurius,DavidAliRashed",https://www.rottentomatoes.com//www.rottentomatoes.com/tv/tribes_of_europa
#59,Dragon Age: Absolution,2022,"Animation, Action, Adventure",96%,"KimberlyBrooks,MatthewMercer,AshlyBurch,SumaleeMontano",https://www.rottentomatoes.com//www.rottentomatoes.com/tv/dragon_age_absolution
#60,One Day,2024,"Drama, Romance",85%,"LeoWoodall,AmbikaMod,AmberGrappy,TimMcInnerny",https://www.rottentomatoes.com//www.rottentomatoes.com/tv/one_day_2024
#61,Stranger Things,2016,"Drama, Fantasy, Horror",96%,"WinonaRyder,DavidHarbour,MillieBobbyBrown,FinnWolfhard",https://www.rottentomatoes.com//www.rottentomatoes.com/tv/stranger_things
#62,Kevin Can F**k Himself,2021,"Comedy, Drama",82%,"AnnieMurphy,EricPetersen,MaryHollisInboden,AlexBonifer",https://www.rottentomatoes.com//www.rottentomatoes.com/tv/kevin_can_f_himself
#63,The Last Kingdom,2015,"Action, Drama, History",96%,"AlexanderDreymon,EmilyCox,TimothyInnes,MillieBrady",https://www.rottentomatoes.com//www.rottentomatoes.com/tv/the_last_kingdom
#64,The Midnight Gospel,2020,"Animation, Adventure, Comedy",83%,"DuncanTrussell,PhilHendrie,Dr.Drew,JoeyDiaz",https://www.rottentomatoes.com//www.rottentomatoes.com/tv/the_midnight_gospel
#65,Raising Dion,2019,"Drama, Sci-Fi",96%,"AlishaWainwright,Ja'SiahYoung,JazmynSimon,SammiHaney",https://www.rottentomatoes.com//www.rottentomatoes.com/tv/raising_dion
#66,The Fall of the House of Usher,2023,"Drama, Horror, Mystery",62%,"BruceGreenwood,CarlaGugino,MaryMcDonnell,CarlLumbly",https://www.rottentomatoes.com//www.rottentomatoes.com/tv/the_fall_of_the_house_of_usher
#67,The Lincoln Lawyer,2022,"Crime, Drama, Mystery",96%,"ManuelGarc√≠a-Rulfo,BeckiNewton,JazzRaycole,AngusSampson",https://www.rottentomatoes.com//www.rottentomatoes.com/tv/the_lincoln_lawyer
#68,House,2004,"Drama, Mystery",90%,"HughLaurie,RobertSeanLeonard,OmarEpps,JesseSpencer",https://www.rottentomatoes.com//www.rottentomatoes.com/tv/house
#69,The Flash,2014,"Action, Adventure, Drama",96%,"GrantGustin,CandicePatton,DaniellePanabaker,DanielleNicolet",https://www.rottentomatoes.com//www.rottentomatoes.com/tv/the_flash
#70,Squid Game,2021,"Thriller, Drama, Survival",89%,"LeeJung-jae,WiHa-joon,LeeByung-hun,ImSi-wan",https://www.rottentomatoes.com//www.rottentomatoes.com/tv/squid_game
#71,Seinfeld,1989,"Sitcom, Comedy",96%,"JerrySeinfeld,JuliaLouis-Dreyfus,JasonAlexander,MichaelRichards",https://www.rottentomatoes.com//www.rottentomatoes.com/tv/seinfeld
#72,The Diplomat,2023,"Political Drama, Thriller",85%,"KeriRussell,RufusSewell,DavidGyasi,AliAhn",https://www.rottentomatoes.com//www.rottentomatoes.com/tv/the_diplomat
#73,All of Us Are Dead,2022,"Horror, Zombie, Teen Drama",95%,"ParkJi-hu,YoonChan-Young,ChoYi-hyun,Lomon",https://www.rottentomatoes.com//www.rottentomatoes.com/tv/all_of_us_are_dead
#74,Community,2009,"Sitcom, Comedy",94%,"JoelMcHale,GillianJacobs,DannyPudi,AlisonBrie",https://www.rottentomatoes.com//www.rottentomatoes.com/tv/community
#75,The Sandman,2022,"Fantasy, Drama",95%,"TomSturridge,GwendolineChristie,VivienneAcheampong,BoydHolbrook",https://www.rottentomatoes.com//www.rottentomatoes.com/tv/the_sandman
#76,Dead to Me,2019,"Dark Comedy, Drama",77%,"ChristinaApplegate,LindaCardellini,JamesMarsden,MaxJenkins",https://www.rottentomatoes.com//www.rottentomatoes.com/tv/dead_to_me
#77,The Walking Dead: The Ones Who Live,2024,"Post-Apocalyptic, Drama, Horror",95%,"AndrewLincoln,DanaiGurira,PollyannaMcIntosh,Lesley-AnnBrandt",https://www.rottentomatoes.com//www.rottentomatoes.com/tv/the_walking_dead_the_ones_who_live
#78,The Haunting of Bly Manor,2020,"Gothic Horror, Drama",52%,"VictoriaPedretti,OliverJackson-Cohen,HenryThomas,AmeliaEve",https://www.rottentomatoes.com//www.rottentomatoes.com/tv/the_haunting_of_bly_manor
#79,Delhi Crime,2019,"Crime, Drama",94%,"ShefaliShetty,RajeshTailang,RasikaDugal,AdilHussain",https://www.rottentomatoes.com//www.rottentomatoes.com/tv/delhi_crime
#80,Midnight Mass,2021,"Horror, Supernatural, Drama",74%,"ZachGilford,KateSiegel,HamishLinklater,AnnabethGish",https://www.rottentomatoes.com//www.rottentomatoes.com/tv/midnight_mass
#81,A Discovery of Witches,2018,"Fantasy, Romance, Drama",94%,"MatthewGoode,TeresaPalmer,AlexKingston,ValariePettiford",https://www.rottentomatoes.com//www.rottentomatoes.com/tv/a_discovery_of_witches
#82,Boy Swallows Universe,2024,"Coming-of-Age, Drama",64%,"TravisFimmel,PhoebeTonkin,SimonBaker,FelixCameron",https://www.rottentomatoes.com//www.rottentomatoes.com/tv/boy_swallows_universe
#83,Ripley,2024,"Psychological Thriller, Crime",94%,"AndrewScott,DakotaFanning,JohnnyFlynn,MaurizioLombardi",https://www.rottentomatoes.com//www.rottentomatoes.com/tv/ripley
#84,"Love, Death + Robots",2019,"Animation, Sci-Fi, Anthology",73%,NA,https://www.rottentomatoes.com//www.rottentomatoes.com/tv/love_death_robots
#85,Griselda,2024,"Crime, Drama, Biography",94%,"Sofía Vergara , Alberto Guerra , Christian Tappán , Martín Rodríguez",https://www.rottentomatoes.com//www.rottentomatoes.com/tv/griselda
#86,Gangs of London,2020,"Crime, Action, Drama",87%,"SopeDirisu,JoeCole,ColmMeaney,LucianMsamati",https://www.rottentomatoes.com//www.rottentomatoes.com/tv/gangs_of_london
#87,Terminator Zero,2024,"Sci-Fi, Action, Animation",94%,"Timothy Olyphant , André Holland , Sumalee Montano , Armani Jackson",https://www.rottentomatoes.com//www.rottentomatoes.com/tv/terminator_zero
#88,From Scratch,2022,"Romance, Drama",94%,"Zoe Saldaña , Eugenio Mastrandrea , Danielle Deadwyler , Keith DavidIñaki Godoy , Mackenyu , Emily Rudd , Jacob Romero Gibson",https://www.rottentomatoes.com//www.rottentomatoes.com/tv/from_scratch
#89,One Piece,2023,"Adventure, Fantasy, Action",94%,"Iñaki Godoy , Mackenyu , Emily Rudd , Jacob Romero Gibson",https://www.rottentomatoes.com//www.rottentomatoes.com/tv/one_piece_2023
#90,The Midnight Club,2022,"Horror, Mystery, Drama",96%,"ImanBenson,IgbyRigney,RuthCodd,AnnarahShephard",https://www.rottentomatoes.com//www.rottentomatoes.com/tv/the_midnight_club
#91,Survival of the Thickest,2023,"Comedy, Drama",94%,"MichelleButeau,ToneBell",https://www.rottentomatoes.com//www.rottentomatoes.com/tv/survival_of_the_thickest
#92,Bridgerton,2020,"Romance, Period Drama",90%,"NicolaCoughlan,LukeNewton,ClaudiaJessie,LukeThompson",https://www.rottentomatoes.com//www.rottentomatoes.com/tv/bridgerton
#93,Grey's Anatomy,2005,"Medical Drama, Romance",94%,"EllenPompeo,ChandraWilson,JamesPickensJr.,KevinMcKidd",https://www.rottentomatoes.com//www.rottentomatoes.com/tv/greys_anatomy
#94,Into the Badlands,2015,"Action, Martial Arts, Sci-Fi",86%,"DanielWu,AramisKnight,AllyIoannides,MadeleineMantock",https://www.rottentomatoes.com//www.rottentomatoes.com/tv/into_the_badlands
#95,Warrior Nun,2020,"Fantasy, Action, Drama",93%,"AlbaBaptista,ToyaTurner,TheklaReuten,LorenaAndrea",https://www.rottentomatoes.com//www.rottentomatoes.com/tv/warrior_nun
#96,The Brothers Sun,2024,"Action, Comedy, Crime",96%,"MichelleYeoh,JustinChien,SamLi,HighdeeKuan",https://www.rottentomatoes.com//www.rottentomatoes.com/tv/the_brothers_sun
#97,Black Mirror,2011,"Sci-Fi, Anthology, Thriller",93%,AnjanaVasan,https://www.rottentomatoes.com//www.rottentomatoes.com/tv/black_mirror
#98,Shadow and Bone,2021,"Fantasy, Adventure, Drama",78%,"JessieMeiLi,ArchieRenaux,BenBarnes,FreddyCarter",https://www.rottentomatoes.com//www.rottentomatoes.com/tv/shadow_and_bone
#99,School Spirits,2023,"Supernatural, Teen Drama, Mystery",93%,"PeytonList,KristianFlores,SpencerMacPherson,KiaraPichardo",https://www.rottentomatoes.com//www.rottentomatoes.com/tv/school_spirits_2023
#100,Bodies,2023,"Crime, Sci-Fi, Mystery",94%,"JacobFortune-Lloyd,ShiraHaas,AmakaOkafor,KyleSoller",https://www.rottentomatoes.com//www.rottentomatoes.com/tv/bodies_2023
,,,,,,
,,,,,,
,,,,,,
,,,,,,
,,,,,,
,,,,,,
,,,,,,
,,,,,,
,,,,,,
,,,,,,
,,,,,,
,,,,,,
,,,,,,
,,,,,,
,,,,,,
,,,,,,
,,,,,,
,,,,,,
,,,,,,
,,,,,,
,,,,,,
,,,,,,
,,,,,,
,,,,,,
,,,,,,
,,,,,,
,,,,,,
,,,,,,
,,,,,,
,,,,,,
,,,,,,
,,,,,,
,,,,,,
,,,,,,
,,,,,,
,,,,,,
,,,,,,
,,,,,,
,,,,,,
,,,,,,
,,,,,,
,,,,,,
,,,,,,
,,,,,,
,,,,,,
,,,,,,
,,,,,,
,,,,,,
,,,,,,
,,,,,,
,,,,,,
,,,,,,
,,,,,,
,,,,,,
,,,,,,
,,,,,,
,,,,,,
,,,,,,
,,,,,,
,,,,,,
,,,,,,
,,,,,,
,,,,,,
,,,,,,
,,,,,,
,,,,,,
,,,,,,
,,,,,,
,,,,,,
,,,,,,
,,,,,,
,,,,,,
,,,,,,
,,,,,,